file,purple_area,purple_intensity_sum
Kemka Sample Data\MA47_BXP3_Cal27_NKcell_Experiment-3453-Orthogonal Projection-01_s01c1+2+3+4.tif,64312,2935388.0
Kemka Sample Data\MA47_BXP3_Cal27_NKcell_Experiment-3453-Orthogonal Projection-01_s02c1+2+3+4.tif,72376,2979306.0
Kemka Sample Data\MA47_BXP3_Cal27_NKcell_Experiment-3453-Orthogonal Projection-01_s03c1+2+3+4.tif,68126,3995678.0
Kemka Sample Data\MA47_BXP3_Cal27_NKcell_Experiment-3453-Orthogonal Projection-01_s04c1+2+3+4.tif,31976,2333672.0
Kemka Sample Data\MA47_BXP3_Cal27_NKcell_Experiment-3453-Orthogonal Projection-01_s05c1+2+3+4.tif,81788,2673956.0
Kemka Sample Data\MA47_BXP3_Cal27_NKcell_Experiment-3453-Orthogonal Projection-01_s06c1+2+3+4.tif,284328,4064388.0
Kemka Sample Data\MA47_BXP3_Cal27_NKcell_Experiment-3453-Orthogonal Projection-01_s07c1+2+3+4.tif,136178,2808590.0
Kemka Sample Data\MA47_BXP3_Cal27_NKcell_Experiment-3453-Orthogonal Projection-01_s08c1+2+3+4.tif,51174,1054012.0
Kemka Sample Data\MA47_BXP3_Cal27_NKcell_Experiment-3453-Orthogonal Projection-01_s09c1+2+3+4.tif,109228,2045776.0
Kemka Sample Data\MA47_BXP3_Cal27_NKcell_Experiment-3453-Orthogonal Projection-01_s10c1+2+3+4.tif,65486,1299198.0
Kemka Sample Data\MA47_BXP3_Cal27_NKcell_Experiment-3453-Orthogonal Projection-01_s11c1+2+3+4.tif,58258,1368470.0
Kemka Sample Data\MA47_BXP3_Cal27_NKcell_Experiment-3453-Orthogonal Projection-01_s12c1+2+3+4.tif,97566,5669806.0
Kemka Sample Data\MA47_BXP3_Cal27_NKcell_Experiment-3453-Orthogonal Projection-01_s13c1+2+3+4.tif,385204,8512650.0
Kemka Sample Data\MA47_BXP3_Cal27_NKcell_Experiment-3453-Orthogonal Projection-01_s14c1+2+3+4.tif,119374,4655172.0
Kemka Sample Data\MA47_BXP3_Cal27_NKcell_Experiment-3453-Orthogonal Projection-01_s15c1+2+3+4.tif,65222,3369616.0
Kemka Sample Data\MA47_BXP3_Cal27_NKcell_Experiment-3453-Orthogonal Projection-01_s16c1+2+3+4.tif,101790,3183700.0
Kemka Sample Data\MA47_BXP3_Cal27_NKcell_Experiment-3453-Orthogonal Projection-01_s17c1+2+3+4.tif,61926,4356284.0
Kemka Sample Data\MA47_BXP3_Cal27_NKcell_Experiment-3453-Orthogonal Projection-01_s18c1+2+3+4.tif,123576,6525508.0
Kemka Sample Data\MA47_BXP3_Cal27_NKcell_Experiment-3453-Orthogonal Projection-01_s19c1+2+3+4.tif,188384,4623964.0
Kemka Sample Data\MA47_BXP3_Cal27_NKcell_Experiment-3453-Orthogonal Projection-01_s20c1+2+3+4.tif,146938,3462030.0
Kemka Sample Data\MA47_BXP3_Cal27_NKcell_Experiment-3453-Orthogonal Projection-01_s21c1+2+3+4.tif,69758,3444568.0
Kemka Sample Data\MA47_BXP3_Cal27_NKcell_Experiment-3453-Orthogonal Projection-01_s22c1+2+3+4.tif,61422,5778476.0
Kemka Sample Data\MA47_BXP3_Cal27_NKcell_Experiment-3453-Orthogonal Projection-01_s23c1+2+3+4.tif,64146,4465068.0
Kemka Sample Data\MA47_BXP3_Cal27_NKcell_Experiment-3453-Orthogonal Projection-01_s24c1+2+3+4.tif,66190,4972920.0
