file,purple_area,purple_intensity_sum,slice_id,cluster,purple_score
Kemka Sample Data\MA47_BXP3_Cal27_NKcell_Experiment-3453-Orthogonal Projection-01_s01c1+2+3+4.tif,64312,2935388.0,s01,0,45.64292822490359
Kemka Sample Data\MA47_BXP3_Cal27_NKcell_Experiment-3453-Orthogonal Projection-01_s02c1+2+3+4.tif,72376,2979306.0,s02,0,41.16428097711949
Kemka Sample Data\MA47_BXP3_Cal27_NKcell_Experiment-3453-Orthogonal Projection-01_s03c1+2+3+4.tif,68126,3995678.0,s03,1,58.651293192026536
Kemka Sample Data\MA47_BXP3_Cal27_NKcell_Experiment-3453-Orthogonal Projection-01_s04c1+2+3+4.tif,31976,2333672.0,s04,0,72.9819864898674
Kemka Sample Data\MA47_BXP3_Cal27_NKcell_Experiment-3453-Orthogonal Projection-01_s05c1+2+3+4.tif,81788,2673956.0,s05,0,32.69374480363867
Kemka Sample Data\MA47_BXP3_Cal27_NKcell_Experiment-3453-Orthogonal Projection-01_s06c1+2+3+4.tif,284328,4064388.0,s06,2,14.294715961846881
Kemka Sample Data\MA47_BXP3_Cal27_NKcell_Experiment-3453-Orthogonal Projection-01_s07c1+2+3+4.tif,136178,2808590.0,s07,0,20.62440335443317
Kemka Sample Data\MA47_BXP3_Cal27_NKcell_Experiment-3453-Orthogonal Projection-01_s08c1+2+3+4.tif,51174,1054012.0,s08,0,20.596631101731347
Kemka Sample Data\MA47_BXP3_Cal27_NKcell_Experiment-3453-Orthogonal Projection-01_s09c1+2+3+4.tif,109228,2045776.0,s09,0,18.729410041381332
Kemka Sample Data\MA47_BXP3_Cal27_NKcell_Experiment-3453-Orthogonal Projection-01_s10c1+2+3+4.tif,65486,1299198.0,s10,0,19.839324435757263
Kemka Sample Data\MA47_BXP3_Cal27_NKcell_Experiment-3453-Orthogonal Projection-01_s11c1+2+3+4.tif,58258,1368470.0,s11,0,23.48982114044423
Kemka Sample Data\MA47_BXP3_Cal27_NKcell_Experiment-3453-Orthogonal Projection-01_s12c1+2+3+4.tif,97566,5669806.0,s12,1,58.112518705286675
Kemka Sample Data\MA47_BXP3_Cal27_NKcell_Experiment-3453-Orthogonal Projection-01_s13c1+2+3+4.tif,385204,8512650.0,s13,2,22.099069583908786
Kemka Sample Data\MA47_BXP3_Cal27_NKcell_Experiment-3453-Orthogonal Projection-01_s14c1+2+3+4.tif,119374,4655172.0,s14,1,38.996531908120694
Kemka Sample Data\MA47_BXP3_Cal27_NKcell_Experiment-3453-Orthogonal Projection-01_s15c1+2+3+4.tif,65222,3369616.0,s15,0,51.663794425193956
Kemka Sample Data\MA47_BXP3_Cal27_NKcell_Experiment-3453-Orthogonal Projection-01_s16c1+2+3+4.tif,101790,3183700.0,s16,0,31.27713920817369
Kemka Sample Data\MA47_BXP3_Cal27_NKcell_Experiment-3453-Orthogonal Projection-01_s17c1+2+3+4.tif,61926,4356284.0,s17,1,70.34660724090043
Kemka Sample Data\MA47_BXP3_Cal27_NKcell_Experiment-3453-Orthogonal Projection-01_s18c1+2+3+4.tif,123576,6525508.0,s18,1,52.80562568783583
Kemka Sample Data\MA47_BXP3_Cal27_NKcell_Experiment-3453-Orthogonal Projection-01_s19c1+2+3+4.tif,188384,4623964.0,s19,1,24.545417869882794
Kemka Sample Data\MA47_BXP3_Cal27_NKcell_Experiment-3453-Orthogonal Projection-01_s20c1+2+3+4.tif,146938,3462030.0,s20,0,23.561161850576433
Kemka Sample Data\MA47_BXP3_Cal27_NKcell_Experiment-3453-Orthogonal Projection-01_s21c1+2+3+4.tif,69758,3444568.0,s21,0,49.37882393417242
Kemka Sample Data\MA47_BXP3_Cal27_NKcell_Experiment-3453-Orthogonal Projection-01_s22c1+2+3+4.tif,61422,5778476.0,s22,1,94.07827814138257
Kemka Sample Data\MA47_BXP3_Cal27_NKcell_Experiment-3453-Orthogonal Projection-01_s23c1+2+3+4.tif,64146,4465068.0,s23,1,69.60789449069311
Kemka Sample Data\MA47_BXP3_Cal27_NKcell_Experiment-3453-Orthogonal Projection-01_s24c1+2+3+4.tif,66190,4972920.0,s24,1,75.1309865538601
